processes,matrix_size,elapsed_time_sec,user_cpu_sec,sys_cpu_sec,max_rss_kb,#context_switch
1,500,1.097271,1.079403,0.017853,64796,8
4,500,0.647204,0.592461,0.272119,72828,24
9,500,0.561668,0.494785,0.267896,70604,68
16,500,0.589767,0.542484,0.322858,71700,75
25,500,0.604113,0.482116,0.337039,72308,147
36,500,0.620112,0.492627,0.356431,72348,334
49,500,0.891942,0.713866,0.520515,73532,361
64,500,0.921794,0.709718,0.515494,74456,580
1,1000,6.963495,6.880291,0.074706,79004,18
4,1000,2.901847,2.788275,0.873271,79488,25
9,1000,2.165547,2.043664,0.944672,78004,49
16,1000,1.985053,1.849856,1.001857,77264,87
25,1000,1.957766,1.749972,1.073264,76112,125
36,1000,2.079266,1.745683,1.208193,77612,499
49,1000,2.812116,2.442363,1.687988,79736,408
64,1000,2.590650,2.350006,1.434857,83056,527
1,2000,54.402158,53.976592,0.382590,138028,130
4,2000,16.705396,16.442209,3.608408,112312,94
9,2000,10.702316,10.380853,3.692590,105344,68
16,2000,8.569846,8.292843,3.661254,103064,110
25,2000,7.706669,7.357679,3.740782,102780,151
36,2000,10.691473,10.252311,5.992760,101752,247
49,2000,7.741168,6.713794,4.313333,102968,245
64,2000,10.042810,9.405285,5.423627,103036,533
1,500,1.086408,1.064490,0.021896,64916,7
4,500,0.653125,0.599370,0.271732,72424,27
9,500,0.584024,0.516713,0.287773,70824,33
16,500,0.560658,0.488212,0.307988,72376,120
25,500,0.651970,0.562469,0.361212,72404,102
36,500,0.637933,0.520132,0.371453,73416,286
49,500,0.834575,0.663124,0.486621,72652,260
64,500,0.931066,0.736932,0.517158,73988,472
1,1000,6.953787,6.872312,0.070709,79176,17
4,1000,2.879974,2.781974,0.887844,80256,42
9,1000,2.180949,2.074364,0.964306,78464,86
16,1000,1.990656,1.865527,1.001905,77724,95
25,1000,1.920053,1.740560,1.062992,78404,104
36,1000,2.053303,1.712291,1.204871,77624,222
49,1000,2.177370,1.764914,1.273465,79680,451
64,1000,2.590157,2.347079,1.468362,83336,644
1,2000,55.212369,54.793154,0.376363,137424,141
4,2000,16.713718,16.455302,3.614113,112192,72
9,2000,10.583294,10.306138,3.588893,105388,94
16,2000,8.505046,8.233069,3.599715,103748,114
25,2000,7.789159,7.429067,3.724771,101444,124
36,2000,8.214403,7.157856,4.444127,102348,151
49,2000,7.780469,6.775285,4.359204,102660,319
64,2000,10.134866,9.447253,5.432205,103504,562
1,500,1.080521,1.067661,0.012832,64620,6
4,500,0.698233,0.646671,0.301920,71488,18
9,500,0.573589,0.513528,0.284969,72108,40
16,500,0.563350,0.490436,0.306324,71776,79
25,500,0.584680,0.498599,0.325705,72724,140
36,500,0.617420,0.485778,0.349758,71788,201
49,500,0.879558,0.703777,0.535694,73484,451
64,500,0.924314,0.726945,0.512596,75076,505
1,1000,6.973023,6.891244,0.073761,79376,20
4,1000,2.873683,2.777683,0.904519,79340,42
9,1000,2.195586,2.098981,0.976066,79332,97
16,1000,1.927417,1.795140,0.974361,76208,90
25,1000,1.936348,1.727900,1.053069,78364,105
36,1000,2.049967,1.713384,1.193779,78416,199
49,1000,2.175303,1.750940,1.320073,78932,277
64,1000,2.587146,2.349598,1.440453,82720,581
1,2000,53.407920,53.001516,0.365638,138080,92
4,2000,16.699764,16.425956,3.523514,112704,59
9,2000,10.631809,10.377584,3.625640,105352,74
16,2000,8.360857,8.078820,3.586440,103600,76
25,2000,7.736713,7.378595,3.758224,101052,247
36,2000,8.713974,7.564793,4.696412,101932,289
49,2000,10.158431,9.627011,5.813506,102588,333
64,2000,10.377903,9.696745,5.530432,103452,534
1,500,1.085700,1.060860,0.024819,64612,8
4,500,0.643052,0.593564,0.256835,71040,38
9,500,0.573056,0.507246,0.282671,71924,38
16,500,0.563057,0.501802,0.287047,70624,133
25,500,0.608356,0.479291,0.333078,72596,62
36,500,0.661963,0.516583,0.392845,73312,133
49,500,0.891932,0.698256,0.531538,73056,321
64,500,0.913162,0.689750,0.504536,74136,498
1,1000,6.953468,6.891898,0.053473,79244,25
4,1000,2.938151,2.840649,0.936098,79672,27
9,1000,2.141540,2.032255,0.945425,77744,48
16,1000,1.938972,1.786222,0.974081,77188,85
25,1000,1.937553,1.738548,1.056534,76904,176
36,1000,2.440316,2.086113,1.419377,78512,306
49,1000,2.819137,2.450249,1.746878,79496,406
64,1000,2.554834,2.288484,1.453353,83140,532
1,2000,54.926976,54.487818,0.396528,138036,157
4,2000,16.581162,16.295745,3.537702,111896,53
9,2000,10.548802,10.305761,3.584686,106316,66
16,2000,8.435565,8.156069,3.590889,103012,151
25,2000,7.660179,7.319354,3.713486,101508,288
36,2000,8.250836,7.144814,4.458876,103356,191
49,2000,10.258269,9.733020,5.879089,102504,340
64,2000,10.097671,9.461455,5.372257,103532,577
1,500,1.083568,1.065652,0.017878,64604,7
4,500,0.655312,0.606249,0.267305,72664,17
9,500,0.570906,0.508295,0.275569,70016,34
16,500,0.542526,0.482366,0.274480,71900,88
25,500,0.617851,0.511525,0.346161,72308,191
36,500,0.795494,0.678042,0.470435,73684,164
49,500,0.887345,0.706740,0.544414,73424,350
64,500,0.899857,0.712705,0.520805,74720,624
1,1000,6.943484,6.869343,0.064591,78880,20
4,1000,2.886344,2.804217,0.900621,80048,45
9,1000,2.120073,2.027463,0.932254,78252,53
16,1000,2.001903,1.849889,1.034442,77016,205
25,1000,2.024138,1.761448,1.105528,77548,435
36,1000,2.083140,1.749128,1.223252,77480,251
49,1000,2.786606,2.414722,1.686361,77804,304
64,1000,2.560039,2.312243,1.456606,82396,562
1,2000,54.906642,54.498062,0.368545,137772,70
4,2000,16.585811,16.276243,3.481162,111988,82
9,2000,10.805435,10.528949,3.719903,105104,71
16,2000,8.447411,8.126075,3.574171,103608,102
25,2000,7.773297,7.448189,3.828022,102104,196
36,2000,8.046902,6.961684,4.314068,102600,215
49,2000,10.357244,9.829205,5.936732,101832,275
64,2000,10.097765,9.400521,5.330452,103684,509
1,500,1.091709,1.070833,0.020845,64596,6
4,500,0.647443,0.599389,0.244955,72824,40
9,500,0.576019,0.506300,0.276571,73328,65
16,500,0.566642,0.512144,0.301686,71936,87
25,500,0.623396,0.515247,0.354872,73148,141
36,500,0.622411,0.494435,0.357150,73488,273
49,500,0.884432,0.727384,0.529538,73680,283
64,500,0.928908,0.731835,0.520904,75256,607
1,1000,6.972509,6.901149,0.062745,79228,17
4,1000,2.879724,2.795494,0.903756,78912,30
9,1000,2.165324,2.047412,0.972228,77292,48
16,1000,1.935401,1.794225,0.964757,77384,57
25,1000,1.899973,1.715106,1.025510,76752,87
36,1000,2.050933,1.713953,1.178529,78768,264
49,1000,2.788669,2.437127,1.670888,79080,334
64,1000,2.570704,2.332741,1.438008,83300,535
1,2000,55.159717,54.744134,0.373655,137620,123
4,2000,16.781426,16.502381,3.643456,112364,56
9,2000,10.786738,10.536326,3.724437,105708,100
16,2000,8.416067,8.141084,3.548297,102684,118
25,2000,7.660806,7.287462,3.710439,101824,179
36,2000,8.366906,7.220130,4.510041,101056,207
49,2000,10.271245,9.751728,5.848874,101644,246
64,2000,10.226681,9.579556,5.504873,102628,562
1,500,1.092967,1.071062,0.021858,64596,7
4,500,0.670898,0.618575,0.271495,72560,38
9,500,0.578459,0.517693,0.293905,71748,47
16,500,0.579121,0.537464,0.296735,71836,153
25,500,0.571976,0.472263,0.320001,73316,169
36,500,0.615008,0.482520,0.373787,72636,200
49,500,0.781143,0.598571,0.461503,74680,192
64,500,0.910280,0.700918,0.519087,75228,535
1,1000,6.961240,6.885046,0.066665,79000,18
4,1000,2.902002,2.808991,0.895312,80040,20
9,1000,2.177555,2.090296,0.963777,78772,38
16,1000,1.975672,1.826649,1.024299,77296,91
25,1000,1.920931,1.731711,1.034741,77340,135
36,1000,2.129392,1.762410,1.255001,78404,182
49,1000,2.805853,2.422216,1.691850,79392,183
64,1000,2.596499,2.338025,1.466846,82508,637
1,2000,53.199712,52.791687,0.367535,137644,90
4,2000,16.730628,16.481375,3.567350,111280,69
9,2000,10.441917,10.171484,3.509345,104628,132
16,2000,8.605409,8.316850,3.679014,103404,125
25,2000,7.903641,7.567072,3.879739,100988,133
36,2000,10.735006,10.352891,5.979284,103160,218
49,2000,10.346297,9.837813,5.968722,101752,241
64,2000,10.112624,9.445910,5.378959,103560,538
1,500,1.080750,1.061946,0.018789,64892,8
4,500,0.645748,0.591927,0.265522,71412,23
9,500,0.594085,0.521682,0.283228,71496,88
16,500,0.545162,0.489864,0.299164,72300,54
25,500,0.614008,0.494192,0.335838,72312,109
36,500,0.631011,0.483719,0.356247,73072,257
49,500,0.890064,0.703371,0.535574,73420,423
64,500,0.907481,0.704166,0.515896,74456,839
1,1000,6.943299,6.877284,0.060637,79004,18
4,1000,2.892819,2.804278,0.918546,79892,23
9,1000,2.160964,2.064211,0.949225,77232,31
16,1000,1.964407,1.817825,0.987684,77464,96
25,1000,1.936453,1.740941,1.051585,77904,88
36,1000,2.069439,1.752108,1.204145,78156,267
49,1000,2.148622,1.703524,1.270459,79684,374
64,1000,2.586252,2.364994,1.464385,83592,535
1,2000,54.798140,54.362314,0.393592,137736,132
4,2000,16.601633,16.353153,3.537556,111680,60
9,2000,10.705758,10.388067,3.659996,105360,80
16,2000,8.617350,8.321212,3.679632,103748,138
25,2000,8.657453,8.289585,4.331067,101436,197
36,2000,8.264407,7.167085,4.455552,101920,188
49,2000,7.843485,6.799031,4.361699,102004,238
64,2000,10.113590,9.443565,5.397181,103304,563
1,500,1.088655,1.066736,0.021872,64912,5
4,500,0.642812,0.590204,0.243622,72432,38
9,500,0.569192,0.511646,0.275480,71784,39
16,500,0.550784,0.483490,0.303109,71532,44
25,500,0.621933,0.518244,0.345408,71524,116
36,500,0.795413,0.670484,0.453239,71880,254
49,500,0.797843,0.612119,0.470926,73100,228
64,500,0.934356,0.713648,0.528341,75316,524
1,1000,6.948717,6.881869,0.056694,79012,16
4,1000,2.888506,2.793338,0.920759,79484,43
9,1000,2.173501,2.072144,0.957766,77568,56
16,1000,1.956051,1.841693,0.996332,77172,114
25,1000,1.997232,1.773111,1.115858,77452,141
36,1000,2.715246,2.474427,1.621328,78020,279
49,1000,2.160287,1.742629,1.247819,79440,326
64,1000,2.598583,2.345193,1.456340,82768,610
1,2000,55.019623,54.632323,0.344726,137736,98
4,2000,16.606231,16.329034,3.508421,112136,68
9,2000,10.650397,10.421147,3.646374,105620,96
16,2000,8.562145,8.280403,3.642652,102584,109
25,2000,7.806648,7.439627,3.780365,101752,164
36,2000,8.099630,7.021032,4.316078,100336,152
49,2000,9.300652,8.299822,5.306306,102936,243
64,2000,10.017529,9.401672,5.279542,103392,697
1,500,1.095041,1.072054,0.022921,64912,6
4,500,0.643467,0.584610,0.256731,71500,18
9,500,0.567308,0.503987,0.276450,71508,73
16,500,0.567214,0.497569,0.296123,72248,72
25,500,0.594713,0.485648,0.343178,72140,112
36,500,0.688899,0.573420,0.417938,73552,129
49,500,0.897918,0.716827,0.533194,73592,294
64,500,0.933768,0.703490,0.529439,74984,707
1,1000,7.020245,6.942601,0.067622,79016,18
4,1000,2.896541,2.794552,0.938190,79800,37
9,1000,2.129132,2.025492,0.939494,78212,45
16,1000,1.953133,1.814798,0.975141,77996,119
25,1000,2.009440,1.789009,1.122157,76616,197
36,1000,2.064874,1.726088,1.208550,78220,168
49,1000,2.820181,2.471625,1.671863,78568,251
64,1000,2.571198,2.319688,1.442204,83248,552
1,2000,54.588204,54.172006,0.374510,137712,90
4,2000,16.806528,16.522479,3.588394,112260,67
9,2000,10.622329,10.353283,3.708559,105992,80
16,2000,8.658251,8.326129,3.666011,102984,72
25,2000,7.778754,7.444285,3.769217,101196,209
36,2000,8.269331,7.157120,4.384437,101936,244
49,2000,7.892793,6.817610,4.349343,102504,362
64,2000,10.117168,9.450515,5.375359,103788,746
1,500,1.092031,1.064063,0.027914,64592,9
4,500,0.644046,0.595420,0.266037,72152,19
9,500,0.569376,0.502742,0.288200,71348,155
16,500,0.601563,0.527498,0.326188,72012,111
25,500,0.685287,0.572141,0.390934,71484,76
36,500,0.630264,0.485846,0.361650,73676,188
49,500,0.895368,0.719565,0.526062,73876,335
64,500,0.903156,0.698559,0.513641,74792,616
1,1000,6.973020,6.900347,0.063598,79000,15
4,1000,2.884767,2.803668,0.908601,80040,29
9,1000,2.190872,2.083735,0.955276,78580,49
16,1000,1.939724,1.810062,0.987776,79344,87
25,1000,1.961728,1.747196,1.088700,77092,134
36,1000,2.071512,1.709196,1.219698,78364,241
49,1000,2.147033,1.726013,1.255900,78876,301
64,1000,2.576337,2.354593,1.466811,84048,600
1,2000,54.732269,54.317708,0.372604,137752,107
4,2000,16.899695,16.594677,3.671075,111988,68
9,2000,10.654725,10.394374,3.605919,105636,103
16,2000,8.585310,8.243739,3.657172,102540,130
25,2000,7.652696,7.309064,3.724228,100668,163
36,2000,10.645744,10.234764,6.005311,101184,199
49,2000,10.367293,9.829839,5.958704,102212,272
64,2000,10.129000,9.443228,5.451546,103392,527
1,500,1.091713,1.070753,0.020932,64860,6
4,500,0.660949,0.612549,0.288556,71124,22
9,500,0.591358,0.527049,0.302979,70636,34
16,500,0.542515,0.478045,0.296410,72008,86
25,500,0.643324,0.542394,0.359392,71968,176
36,500,0.805586,0.684193,0.468704,73096,245
49,500,0.726519,0.521483,0.432237,73620,242
64,500,0.935950,0.717023,0.537623,74892,668
1,1000,6.952390,6.894430,0.051633,79048,13
4,1000,2.939205,2.848870,0.952492,79916,30
9,1000,2.159016,2.055056,0.942839,78464,63
16,1000,1.975753,1.849010,1.027829,77300,214
25,1000,1.940422,1.761446,1.064002,76652,362
36,1000,2.073468,1.730496,1.194000,77432,177
49,1000,2.807232,2.454104,1.688839,79740,287
64,1000,2.583511,2.340632,1.454334,79696,527
1,2000,53.422345,53.050334,0.329629,137344,131
4,2000,16.715148,16.463975,3.604646,112256,77
9,2000,10.579493,10.340444,3.594701,106004,47
16,2000,8.973115,8.728642,3.905519,103056,102
25,2000,7.783324,7.434764,3.782927,102004,121
36,2000,8.277276,7.202593,4.447503,102724,237
49,2000,10.394515,9.848697,5.903636,102200,358
64,2000,10.145052,9.525147,5.425693,102792,597
1,500,1.080637,1.064677,0.015908,64412,6
4,500,0.648966,0.599502,0.269453,72060,37
9,500,0.580895,0.524591,0.286881,70812,36
16,500,0.583059,0.521911,0.316315,72152,73
25,500,0.600799,0.489840,0.327246,72220,192
36,500,0.622697,0.490770,0.362094,73028,226
49,500,0.892707,0.704205,0.517893,73596,345
64,500,0.943275,0.709999,0.526085,74888,502
1,1000,6.948828,6.866149,0.073622,79336,19
4,1000,2.928569,2.835573,0.937745,80164,23
9,1000,2.183578,2.064835,0.934709,77188,48
16,1000,1.958954,1.821081,0.993071,77352,73
25,1000,1.935849,1.766259,1.064264,76336,189
36,1000,2.138252,1.786658,1.216750,78428,137
49,1000,2.807532,2.436145,1.685433,78664,228
64,1000,2.565385,2.337744,1.444725,83236,655
1,2000,54.582798,54.147892,0.392630,138064,153
4,2000,16.729062,16.455819,3.495061,112028,50
9,2000,10.893309,10.505075,3.755638,105472,55
16,2000,8.636700,8.322691,3.668649,104108,68
25,2000,7.773016,7.451691,3.755204,101732,294
36,2000,9.429172,9.011402,5.227213,101716,204
49,2000,10.405607,9.882535,5.926438,101908,274
64,2000,10.138042,9.503201,5.457114,102716,564
1,500,1.078314,1.053319,0.024921,64044,12
4,500,0.646843,0.597496,0.264995,71860,40
9,500,0.591145,0.539304,0.290454,71072,52
16,500,0.565080,0.499513,0.296506,72336,77
25,500,0.597368,0.490138,0.358164,71804,171
36,500,0.625091,0.498829,0.346039,72988,298
49,500,0.715496,0.518350,0.403870,73336,225
64,500,0.935030,0.719614,0.531607,75888,554
1,1000,6.964133,6.899455,0.055652,79364,17
4,1000,2.876148,2.780541,0.893204,80240,50
9,1000,2.195667,2.101550,0.955878,77832,134
16,1000,1.953078,1.807919,0.977258,77096,56
25,1000,1.953035,1.748522,1.072309,77072,101
36,1000,2.063993,1.714989,1.220420,77068,204
49,1000,2.201725,1.785935,1.277287,79700,649
64,1000,2.608724,2.368662,1.461002,83256,487
1,2000,55.057994,54.656987,0.359590,138192,99
4,2000,17.036499,16.792487,3.775727,112040,56
9,2000,11.483780,11.223554,4.134158,105976,61
16,2000,8.581102,8.284382,3.674544,103528,136
25,2000,7.666780,7.314991,3.721958,102340,146
36,2000,8.358191,7.278008,4.502146,101008,361
49,2000,10.494207,9.927147,6.047183,102248,442
64,2000,10.045609,9.415734,5.330319,103196,672
1,500,1.079715,1.067866,0.011744,64448,7
4,500,0.655938,0.608326,0.268202,71684,38
9,500,0.585924,0.518313,0.292365,70820,65
16,500,0.551539,0.461950,0.279088,71808,114
1,1000,6.982669,6.921103,0.052554,79468,19
4,1000,2.915612,2.837219,0.920484,79584,45
9,1000,2.174879,2.072925,0.947509,78132,73
16,1000,1.981661,1.837643,1.015506,77112,69
1,2000,53.655275,53.253991,0.354532,138156,145
4,2000,16.853558,16.532512,3.688999,112144,68
9,2000,10.611619,10.337491,3.623202,105584,59
16,2000,8.585440,8.317650,3.648314,102256,177
1,500,1.084247,1.062274,0.021879,64340,10
4,500,0.654550,0.603882,0.255262,71608,43
9,500,0.576362,0.503278,0.293752,72060,34
16,500,0.531030,0.464485,0.280042,71444,105
1,1000,6.920772,6.852526,0.057508,79348,24
4,1000,2.907316,2.812826,0.881079,79096,39
9,1000,2.188782,2.067419,0.982835,77152,104
16,1000,1.940656,1.787562,0.992534,77140,152
1,2000,52.612254,52.240805,0.325246,138312,76
4,2000,16.618576,16.350391,3.502034,111764,49
9,2000,10.667878,10.419427,3.668352,105624,82
16,2000,8.559100,8.269562,3.643615,102416,72
1,500,1.087065,1.073165,0.013788,64704,6
4,500,0.646178,0.596457,0.246887,72004,34
9,500,0.575919,0.502770,0.287129,71080,44
16,500,0.559194,0.484994,0.302092,71092,85
1,1000,6.933308,6.858532,0.065615,79644,15
4,1000,2.884882,2.789787,0.943087,80396,43
9,1000,2.149707,2.045396,0.914003,79020,55
16,1000,1.912478,1.765377,0.966227,77736,89
1,2000,54.064941,53.630873,0.391434,138128,119
4,2000,16.619899,16.356297,3.562587,112084,61
9,2000,10.759519,10.481320,3.707691,104644,57
16,2000,8.543604,8.277721,3.698238,102532,94
1,500,1.083918,1.060926,0.022884,64608,7
4,500,0.679870,0.624141,0.292590,71548,39
9,500,0.566284,0.494821,0.278298,71852,78
16,500,0.552028,0.494969,0.296851,71088,122
1,1000,6.933262,6.871022,0.052615,79488,17
4,1000,2.893634,2.807941,0.947824,79844,26
9,1000,2.149532,2.033946,0.945665,77324,83
16,1000,1.952506,1.820114,0.972253,77688,138
1,2000,53.699956,53.247190,0.405471,138204,133
4,2000,16.730049,16.460985,3.557124,111728,50
9,2000,10.612943,10.336200,3.607207,104968,100
16,2000,8.498161,8.188085,3.579760,102532,90
1,500,1.079428,1.065472,0.013820,64712,9
4,500,0.694705,0.647127,0.294389,71336,21
9,500,0.589485,0.521444,0.293773,69780,46
16,500,0.529677,0.468903,0.285137,71584,29
1,1000,6.932377,6.867799,0.055549,79328,18
4,1000,2.882469,2.787353,0.912376,80324,41
9,1000,2.195489,2.082201,0.954881,78740,50
16,1000,1.977399,1.821105,1.011806,76960,101
1,2000,54.023489,53.619561,0.351494,138040,132
4,2000,16.810163,16.564290,3.710322,112088,64
9,2000,11.347634,11.079260,4.135820,105936,50
16,2000,8.574865,8.267762,3.662086,103864,118
1,500,1.100139,1.072129,0.027881,64436,10
4,500,0.644854,0.601136,0.277376,71860,39
9,500,0.586157,0.528715,0.294241,71188,37
16,500,0.553535,0.474953,0.294801,71340,124
1,1000,6.932841,6.863300,0.059698,79432,22
4,1000,2.898576,2.806127,0.920339,80136,20
9,1000,2.173335,2.075351,0.943146,78304,49
16,1000,1.958753,1.829233,0.984061,76888,49
1,2000,54.100569,53.672734,0.386471,138384,118
4,2000,16.725795,16.438151,3.585461,112384,57
9,2000,10.615197,10.348073,3.590945,105060,60
16,2000,8.471745,8.197098,3.590863,102288,69
1,500,1.097773,1.073743,0.023914,64336,7
4,500,0.653369,0.608653,0.249300,71856,37
9,500,0.565843,0.499772,0.286580,71296,43
16,500,0.550403,0.478529,0.287646,70836,58
1,1000,6.926607,6.858396,0.058547,79588,11
4,1000,2.909104,2.826597,0.890870,79352,44
9,1000,2.180623,2.079042,0.937262,78056,59
16,1000,1.954465,1.802890,0.972414,77440,76
1,2000,52.832658,52.431016,0.357450,138176,70
4,2000,16.721018,16.413302,3.631896,111548,60
9,2000,10.652745,10.374682,3.626579,105308,114
16,2000,8.320891,8.057776,3.475008,102488,74
1,500,1.085267,1.070372,0.014800,64452,6
4,500,0.649611,0.604244,0.267333,71796,37
9,500,0.589444,0.522943,0.297787,71592,49
16,500,0.564235,0.501673,0.311451,71452,73
1,1000,6.931959,6.868211,0.053763,79128,15
4,1000,2.902295,2.812893,0.924891,80024,44
9,1000,2.192786,2.092208,0.945553,78904,47
16,1000,1.953227,1.822812,0.971314,77400,172
1,2000,53.684782,53.283443,0.353534,138212,108
4,2000,16.642153,16.377786,3.524675,112432,60
9,2000,10.649894,10.403880,3.630178,105612,51
16,2000,8.430454,8.108891,3.578529,102372,80
1,500,1.089083,1.064090,0.024866,65192,10
4,500,0.649503,0.598852,0.263232,72104,34
9,500,0.572495,0.518844,0.279318,70000,83
16,500,0.561896,0.479896,0.298073,71788,154
1,1000,6.934777,6.862159,0.063647,79484,20
4,1000,2.924241,2.831753,0.936877,80024,37
9,1000,2.170860,2.070950,0.962156,77368,78
16,1000,1.942257,1.796362,0.968489,77304,104
1,2000,54.074858,53.667857,0.359531,137824,177
4,2000,16.801525,16.454924,3.662683,111888,54
9,2000,10.585930,10.303448,3.610658,106112,70
16,2000,8.598453,8.313588,3.660711,103672,98
1,500,1.087575,1.067539,0.019894,64940,8
4,500,0.649013,0.599399,0.265084,71076,38
9,500,0.592906,0.532195,0.284176,71080,123
16,500,0.543073,0.470967,0.304373,71940,108
1,1000,6.920678,6.848874,0.060497,79432,22
4,1000,2.911898,2.822814,0.936004,80128,45
9,1000,2.198406,2.082323,0.958336,78472,37
16,1000,1.921424,1.799752,0.995984,77312,78
1,2000,54.104945,53.700221,0.359584,138444,130
4,2000,17.040997,16.748135,3.772614,110896,76
9,2000,10.614122,10.363097,3.649095,104764,68
16,2000,9.661128,9.378556,4.368924,102744,153
1,500,1.092782,1.071846,0.020828,64264,9
4,500,0.648421,0.595713,0.277654,72504,43
9,500,0.642845,0.567789,0.323118,72080,62
16,500,0.564315,0.485421,0.296635,71672,111
1,1000,6.953199,6.880712,0.062619,79392,18
4,1000,2.885697,2.788734,0.897365,79992,24
9,1000,2.176408,2.048551,0.967299,77596,59
16,1000,1.935549,1.799840,0.976265,77832,62
1,2000,52.390677,52.003850,0.339550,137672,120
4,2000,16.857764,16.352614,3.716931,111644,94
9,2000,10.539432,10.266359,3.599569,105668,95
16,2000,8.424287,8.153187,3.569161,103736,103
1,500,1.084597,1.061535,0.022917,64668,9
4,500,0.653055,0.597332,0.254404,71460,35
9,500,0.576951,0.508517,0.293090,71740,38
16,500,0.570918,0.480121,0.295263,72444,64
1,1000,6.932669,6.870297,0.053616,79352,23
4,1000,2.894122,2.801785,0.928470,78852,43
9,1000,2.174498,2.072212,0.970612,77840,30
16,1000,1.999233,1.857232,1.021759,76760,201
1,2000,54.140858,53.717116,0.377541,137788,139
4,2000,16.700069,16.390589,3.601856,112148,61
9,2000,10.659131,10.350656,3.597502,105680,52
16,2000,8.587425,8.288937,3.697399,102104,196
1,500,1.084864,1.060832,0.023924,64764,11
4,500,0.654093,0.605434,0.251224,72120,34
9,500,0.603663,0.522240,0.300472,71740,56
16,500,0.571144,0.519402,0.305331,72220,155
1,1000,6.937861,6.867753,0.060591,79248,21
4,1000,2.871150,2.775957,0.944758,79904,45
9,1000,2.151958,2.048221,0.922438,77848,73
16,1000,1.950146,1.804163,0.981015,77212,107
1,2000,53.859357,53.454404,0.357613,138288,155
4,2000,16.730465,16.449113,3.611993,111576,67
9,2000,10.622654,10.337302,3.600634,104856,60
16,2000,8.727385,8.457647,3.804193,102388,93
1,500,1.087527,1.066527,0.020859,64688,7
4,500,0.657191,0.604520,0.251590,72188,38
9,500,0.587059,0.523967,0.293346,70180,97
16,500,0.561445,0.473666,0.299444,70648,49
1,1000,6.928103,6.858949,0.059616,79404,23
4,1000,2.879198,2.773660,0.917047,80008,25
9,1000,2.157558,2.042427,0.968315,76792,78
16,1000,1.957723,1.839865,0.999106,77092,117
1,2000,52.544690,52.110083,0.387553,137776,82
4,2000,16.640525,16.355309,3.605828,112360,75
9,2000,10.563011,10.281832,3.615525,105600,52
16,2000,8.381180,8.103892,3.540440,103076,103
1,500,1.084940,1.067982,0.016839,64504,10
4,500,0.646556,0.593803,0.248010,72768,36
9,500,0.582962,0.515238,0.301224,71812,54
16,500,0.559357,0.490404,0.286250,71376,136
1,1000,6.944268,6.876035,0.059602,79624,20
4,1000,2.879720,2.786156,0.898315,78752,40
9,1000,2.160741,2.055567,0.966895,77596,85
16,1000,1.956770,1.809401,1.007349,76148,68
1,2000,54.415901,53.997166,0.370728,137956,134
4,2000,16.708038,16.387381,3.553111,111516,54
9,2000,10.611479,10.365017,3.614718,104732,59
16,2000,8.401698,8.128307,3.556634,102452,127
1,500,1.088237,1.066233,0.021901,65016,6
4,500,0.643430,0.596798,0.247691,71984,37
9,500,0.576537,0.512448,0.290257,72124,42
16,500,0.562702,0.502483,0.292926,71424,103
1,1000,6.952116,6.884372,0.057783,79840,17
4,1000,2.884096,2.793474,0.891218,79120,22
9,1000,2.182602,2.089751,0.956554,77408,62
16,1000,1.950968,1.797876,1.013936,76852,55
1,2000,54.019961,53.578261,0.395509,137940,134
4,2000,16.624293,16.327120,3.448844,112028,73
9,2000,10.816807,10.550714,3.723414,104224,79
16,2000,8.354527,8.072371,3.552706,102168,81
1,500,1.085529,1.064578,0.020831,64648,8
4,500,0.649188,0.604600,0.256303,71992,36
9,500,0.575799,0.511866,0.302213,71576,43
16,500,0.573602,0.499750,0.317874,71512,178
1,1000,6.904885,6.827942,0.067559,79340,20
4,1000,2.888725,2.807221,0.933815,79452,41
9,1000,2.192999,2.077976,0.962565,77232,77
16,1000,1.942882,1.789910,0.982171,77192,218
1,2000,54.140288,53.719042,0.373594,137672,150
4,2000,16.706245,16.460695,3.578796,112384,61
9,2000,10.714963,10.402554,3.705114,105140,54
16,2000,8.412229,8.125622,3.565758,103136,65
1,500,1.088142,1.066126,0.021890,65016,7
4,500,0.650677,0.602947,0.251269,72200,37
9,500,0.582473,0.515851,0.303462,71040,44
16,500,0.547020,0.477031,0.282792,71692,143
1,1000,6.918815,6.842247,0.066580,79120,15
4,1000,2.917239,2.822771,0.926821,80100,34
9,1000,2.158799,2.057019,0.945471,78104,37
16,1000,1.927142,1.795848,0.986114,77624,148
1,2000,54.444153,54.037841,0.360536,138200,78
4,2000,16.604257,16.318673,3.517524,112096,79
9,2000,10.615030,10.338040,3.582712,104212,76
16,2000,8.736142,8.454985,3.779655,102276,104
1,500,1.081310,1.060335,0.020803,65024,9
4,500,0.651122,0.598374,0.260292,71164,40
9,500,0.579721,0.507264,0.291890,71680,64
16,500,0.555821,0.490563,0.303570,71964,136
1,1000,7.039581,6.985169,0.045615,79256,27
4,1000,2.859428,2.768580,0.866845,79524,49
9,1000,2.141394,2.036698,0.926860,78088,55
16,1000,1.976499,1.840332,1.013880,78236,82
1,2000,54.030933,53.613262,0.348429,137812,91
4,2000,16.532482,16.290071,3.486963,112668,68
9,2000,10.513966,10.263529,3.504860,105596,53
16,2000,8.446603,8.147078,3.605475,103132,93
1,500,1.080958,1.062005,0.018819,64940,12
4,500,0.643996,0.598405,0.250019,71780,44
9,500,0.606437,0.534123,0.309349,71368,54
16,500,0.560367,0.504634,0.300391,72748,75
1,1000,6.914453,6.838209,0.066615,79280,21
4,1000,2.896226,2.804197,0.903845,79812,42
9,1000,2.181489,2.064024,0.952752,77604,70
16,1000,1.988037,1.848269,1.009979,78408,69
1,2000,53.861712,53.447933,0.365654,137692,156
4,2000,16.922929,16.518159,3.740801,111648,57
9,2000,10.625452,10.333979,3.638481,105248,125
16,2000,8.759376,8.453816,3.774153,103128,85
1,500,1.080093,1.059127,0.020839,64820,9
4,500,0.654477,0.602772,0.266260,72356,36
9,500,0.579823,0.511655,0.297730,71416,31
16,500,0.546953,0.498309,0.284169,71912,58
1,1000,7.017071,6.945057,0.067652,79232,22
4,1000,2.890295,2.810763,0.909879,79904,20
9,1000,2.156123,2.054734,0.960113,78524,40
16,1000,1.948279,1.821828,0.977925,77476,84
1,2000,53.806762,53.386819,0.378428,138116,95
4,2000,16.684037,16.376732,3.571465,112260,66
9,2000,10.588403,10.337621,3.648236,106012,69
16,2000,8.458946,8.171711,3.590861,103324,112
1,500,1.090987,1.071036,0.019856,64380,7
4,500,0.642708,0.596095,0.244403,71364,44
9,500,0.590128,0.504782,0.284458,70696,27
16,500,0.584562,0.517884,0.306685,71968,103
1,1000,6.945906,6.880432,0.054469,79028,27
4,1000,2.901866,2.807150,0.930146,79916,27
9,1000,2.252826,2.128143,0.991323,77188,32
16,1000,1.936231,1.792621,0.980203,77100,94
1,2000,52.461272,52.050085,0.363610,137736,148
4,2000,16.643711,16.352712,3.512916,111764,76
9,2000,10.710945,10.401166,3.651905,104996,110
16,2000,8.506370,8.206757,3.643109,102868,117
1,500,1.091726,1.064762,0.026830,64148,7
4,500,0.643739,0.597139,0.258977,72028,34
9,500,0.582852,0.510213,0.285222,70492,35
16,500,0.577851,0.517057,0.318657,71472,66
1,1000,6.910210,6.840716,0.059716,78956,30
4,1000,2.886757,2.788282,0.916526,79920,25
9,1000,2.184334,2.076873,1.001679,77976,72
16,1000,1.977686,1.830222,1.014413,77824,79
1,2000,54.058837,53.664965,0.349496,138004,81
4,2000,16.851069,16.557147,3.672752,111916,51
9,2000,10.720202,10.428217,3.693538,104644,123
16,2000,9.042138,8.748275,3.955886,102920,126
1,500,1.088277,1.065369,0.022796,64580,10
4,500,0.654981,0.609600,0.253561,71928,16
9,500,0.587167,0.518059,0.302662,71840,47
16,500,0.560474,0.482834,0.299483,72676,109
1,1000,6.933208,6.862047,0.062611,79416,17
4,1000,2.884524,2.780585,0.914699,79412,28
9,1000,2.165654,2.051577,0.943993,78416,68
16,1000,1.947730,1.804293,0.989475,77220,110
1,2000,52.702862,52.288551,0.366612,137864,148
4,2000,16.828639,16.549925,3.602193,112144,67
9,2000,10.565745,10.303166,3.561990,106032,69
16,2000,8.582161,8.301748,3.688733,103016,188
1,500,1.084731,1.066737,0.017864,64872,9
4,500,0.654857,0.605043,0.266485,71172,28
9,500,0.580672,0.511686,0.292888,70796,40
16,500,0.552305,0.479960,0.290606,70976,73
1,1000,6.937223,6.879676,0.048673,79228,23
4,1000,2.916096,2.824685,0.925682,80148,24
9,1000,2.173840,2.069199,0.950999,77960,41
16,1000,1.963345,1.808073,0.991241,77696,34
1,2000,53.586635,53.176615,0.361519,137900,169
4,2000,16.722388,16.463747,3.606349,111748,84
9,2000,10.561821,10.310621,3.558501,105896,45
16,2000,8.472941,8.234427,3.601489,102296,124
1,500,1.083748,1.065755,0.017847,64840,8
4,500,0.655663,0.607947,0.264557,71064,42
9,500,0.583138,0.524454,0.284004,71672,46
16,500,0.584008,0.492325,0.322639,71236,74
1,1000,6.915457,6.841658,0.064553,79148,33
4,1000,2.901901,2.805354,0.926045,79808,40
9,1000,2.306233,2.197166,1.039337,78512,47
16,1000,1.999744,1.869391,1.024389,76676,67
1,2000,54.230427,53.807732,0.375486,138140,174
4,2000,16.705699,16.454701,3.566872,112480,46
9,2000,10.595029,10.347761,3.578617,104988,93
16,2000,8.493734,8.216831,3.597064,102816,106
1,500,1.086353,1.068385,0.017842,64740,10
4,500,0.642368,0.593565,0.264789,70904,27
9,500,0.591334,0.534110,0.293806,70144,117
16,500,0.565662,0.483976,0.296728,72172,88
1,1000,6.937332,6.871238,0.057655,79488,30
4,1000,2.907978,2.796768,0.946235,79936,28
9,1000,2.197618,2.091940,0.975195,78528,69
16,1000,1.950397,1.799448,0.994923,76964,105
1,2000,52.464493,52.082295,0.334476,137880,183
4,2000,16.764371,16.461317,3.569960,112404,70
9,2000,10.581199,10.307322,3.599388,104584,147
16,2000,8.899857,8.623298,3.867458,102812,120
1,500,1.080450,1.059530,0.020814,64836,8
4,500,0.652808,0.597955,0.252076,72260,19
9,500,0.593341,0.508466,0.292655,71072,48
16,500,0.568738,0.504564,0.304413,71744,38
1,1000,6.924149,6.859786,0.060596,79408,29
4,1000,2.889478,2.794994,0.923134,80024,41
9,1000,2.187483,2.097505,0.947994,77976,146
16,1000,1.952772,1.825411,0.965220,77980,111
1,2000,54.228496,53.784554,0.396372,138112,145
4,2000,16.760549,16.476847,3.672822,112008,42
9,2000,10.597259,10.320217,3.576521,105664,58
16,2000,8.581612,8.315810,3.687297,102532,101
1,500,1.089169,1.068244,0.020806,65072,9
4,500,0.656976,0.608884,0.282755,71792,38
9,500,0.579006,0.510278,0.290958,70524,46
16,500,0.571460,0.501506,0.318909,71744,95
1,1000,6.930483,6.858524,0.061624,79408,23
4,1000,2.881865,2.791307,0.886307,79808,48
9,1000,2.205711,2.087817,0.975421,78240,66
16,1000,1.967880,1.824105,1.016204,77100,99
1,2000,54.279189,53.877295,0.354418,137892,164
4,2000,16.724900,16.424683,3.580683,112052,58
9,2000,10.957853,10.692693,3.867921,105144,63
16,2000,8.512136,8.232481,3.584312,102160,148
1,500,1.086933,1.073981,0.012810,64728,10
4,500,0.657614,0.595921,0.261315,71832,22
9,500,0.591286,0.533520,0.304927,70812,34
16,500,0.556511,0.480854,0.294607,72084,190
1,1000,6.946379,6.878159,0.057604,79132,23
4,1000,2.901982,2.806169,0.930005,79952,20
9,1000,2.180872,2.079682,0.945395,77588,40
16,1000,2.007635,1.857672,1.085344,77452,98
1,2000,54.354176,53.951968,0.354635,137888,161
4,2000,16.657343,16.346301,3.583285,112196,55
9,2000,10.609234,10.358537,3.651376,105552,53
16,2000,8.537039,8.234052,3.668851,103844,97
25,500,0.639768,0.535288,0.370409,71268,155
36,500,0.689305,0.565268,0.399236,73412,230
49,500,0.887340,0.700355,0.533943,74092,230
64,500,0.904093,0.699039,0.513344,75212,523
25,1000,1.923175,1.713420,1.039051,77056,124
36,1000,2.056192,1.706583,1.241887,79656,182
49,1000,2.798105,2.449627,1.695872,79620,302
64,1000,2.592149,2.347747,1.462821,80088,502
25,2000,7.671660,7.278253,3.744790,102068,162
36,2000,8.243304,7.158395,4.478004,101444,356
49,2000,10.444254,9.901042,5.976593,102624,276
64,2000,9.934283,9.285627,5.225168,103784,622
25,500,0.649751,0.542859,0.367351,72584,262
36,500,0.622943,0.488501,0.368003,73304,158
49,500,0.734864,0.530309,0.421310,73664,363
64,500,0.947273,0.736985,0.526203,74956,504
25,1000,1.948607,1.747834,1.079552,75520,150
36,1000,2.060847,1.719711,1.192439,78936,380
49,1000,2.800170,2.448976,1.682445,78752,505
64,1000,2.568936,2.321140,1.457029,83128,508
25,2000,7.831814,7.489601,3.850038,101356,90
36,2000,8.290681,7.219050,4.466218,101928,155
49,2000,7.893940,6.833146,4.442333,102648,254
64,2000,10.076053,9.419873,5.407554,103776,508
25,500,0.678880,0.578417,0.379169,71612,113
36,500,0.711415,0.576178,0.404308,73352,268
49,500,0.731536,0.521012,0.405807,73660,361
64,500,0.914621,0.711812,0.528075,74792,495
25,1000,1.953184,1.741043,1.059227,76112,229
36,1000,2.078694,1.754361,1.216972,77916,174
49,1000,2.822537,2.470421,1.695526,79932,232
64,1000,2.617681,2.365046,1.472714,83044,626
25,2000,7.683507,7.333051,3.702090,102396,185
36,2000,8.124625,7.051150,4.383036,101916,198
49,2000,10.329461,9.759181,5.965582,102216,369
64,2000,10.145740,9.477185,5.393331,103260,535
25,500,0.625806,0.507435,0.338836,72672,86
36,500,0.654361,0.491837,0.377305,73064,275
49,500,0.729297,0.539230,0.440430,73328,387
64,500,0.956774,0.739449,0.541125,74900,493
25,1000,1.922872,1.729684,1.041270,77396,165
36,1000,2.447645,2.204043,1.425040,78184,223
49,1000,2.818023,2.460578,1.684744,78660,335
64,1000,2.553239,2.305689,1.443824,83132,501
25,2000,7.647139,7.327264,3.674968,102208,154
36,2000,9.342424,8.836930,5.131299,101600,207
49,2000,10.335788,9.812949,5.922547,102164,381
64,2000,10.000184,9.367955,5.326389,103844,473
25,500,0.622277,0.494483,0.351711,71176,119
36,500,0.611032,0.494920,0.340322,72996,205
49,500,0.892581,0.710035,0.534827,73600,348
64,500,0.912676,0.721200,0.535857,74272,571
25,1000,1.912022,1.708369,1.047471,77664,108
36,1000,2.073121,1.728074,1.198604,77916,124
49,1000,2.795001,2.431318,1.694249,79356,199
64,1000,2.609326,2.338175,1.479221,83512,513
25,2000,7.699258,7.331483,3.756241,102580,77
36,2000,8.072678,7.007629,4.393467,102656,173
49,2000,10.318808,9.778095,5.880424,102724,264
64,2000,10.115627,9.485818,5.390454,103108,610
25,500,0.597434,0.472562,0.334651,72616,126
36,500,0.730229,0.627315,0.425168,73384,184
49,500,0.879560,0.696846,0.512920,73712,381
64,500,0.933641,0.716126,0.535489,74340,563
25,1000,1.893873,1.709783,1.051745,76836,255
36,1000,2.662431,2.378729,1.574706,78196,171
49,1000,2.794260,2.444937,1.653565,78276,291
64,1000,2.555862,2.314834,1.471957,80956,466
25,2000,7.698410,7.338378,3.764258,101428,124
36,2000,10.640821,10.195425,6.007350,102384,166
49,2000,10.225480,9.702824,5.884480,102688,400
64,2000,10.067908,9.410075,5.387549,103760,503
25,500,0.595959,0.493715,0.336769,72792,132
36,500,0.796238,0.692210,0.457356,72896,175
49,500,0.872066,0.694257,0.515078,73228,317
64,500,0.925857,0.717902,0.516279,74664,521
25,1000,1.912429,1.727026,1.048144,77564,148
36,1000,2.108184,1.774206,1.216401,78764,364
49,1000,2.791770,2.471580,1.696647,80024,509
64,1000,2.707466,2.466203,1.523708,83888,570
25,2000,7.545533,7.210577,3.639203,103204,90
36,2000,9.301748,8.870413,5.084872,100888,148
49,2000,10.318802,9.786849,5.927210,102472,284
64,2000,9.930577,9.279656,5.356294,103584,714
25,500,0.663805,0.546887,0.390546,73556,138
36,500,0.631819,0.524049,0.361885,71920,172
49,500,0.886160,0.698164,0.520499,74404,302
64,500,0.918051,0.713329,0.510626,74680,594
25,1000,1.918575,1.728146,1.047836,77600,177
36,1000,2.012769,1.678643,1.166367,77892,181
49,1000,2.824698,2.457367,1.715658,79400,343
64,1000,2.620717,2.382403,1.514911,83864,520
25,2000,8.266311,7.890631,4.112691,102424,137
36,2000,8.356896,7.279781,4.520685,102808,219
49,2000,10.273566,9.724667,5.901863,102864,392
64,2000,10.027666,9.388857,5.379599,103148,498
25,500,0.608994,0.489089,0.334903,72276,160
36,500,0.611484,0.468454,0.346873,73000,201
49,500,0.891015,0.713168,0.518149,73832,228
64,500,0.915184,0.712927,0.518080,74540,615
25,1000,1.958168,1.728249,1.095646,78372,173
36,1000,2.053735,1.733332,1.182459,77300,118
49,1000,2.809402,2.442133,1.651589,78656,308
64,1000,2.578870,2.330704,1.453907,82628,489
25,2000,7.663920,7.308793,3.701583,102208,84
36,2000,8.279259,7.123886,4.516083,101852,317
49,2000,10.264648,9.728359,5.904221,102616,270
64,2000,10.156243,9.499439,5.428566,104088,669
25,500,0.578247,0.475107,0.320772,71924,127
36,500,0.771847,0.666489,0.456467,72500,303
49,500,0.914312,0.729606,0.549939,74012,316
64,500,0.910995,0.712023,0.509991,76124,566
25,1000,1.915699,1.707058,1.061105,77024,191
36,1000,2.690178,2.455732,1.591077,77556,261
49,1000,2.768236,2.376444,1.660369,79420,253
64,1000,2.601907,2.340275,1.467811,83020,473
25,2000,7.649500,7.325681,3.744592,102124,112
36,2000,8.265911,7.196498,4.425658,101816,162
49,2000,10.244210,9.713122,5.841689,102884,324
64,2000,11.124257,9.608660,6.095365,104096,661
25,500,0.635277,0.516375,0.360016,72944,174
36,500,0.786511,0.669381,0.450437,73992,246
49,500,0.885162,0.709451,0.519709,73692,378
64,500,0.906619,0.700817,0.509519,75596,493
25,1000,1.902119,1.715713,1.028569,77400,182
36,1000,2.064002,1.723180,1.195786,78316,261
49,1000,2.802777,2.444286,1.670380,79704,407
64,1000,2.545089,2.275953,1.426608,82776,730
25,2000,7.631885,7.292844,3.676111,101916,148
36,2000,8.131839,7.045637,4.393764,101696,181
49,2000,10.263317,9.752960,5.903142,101916,532
64,2000,10.040954,9.384442,5.383788,103784,649
25,500,0.603758,0.486040,0.345177,72668,142
36,500,0.744474,0.600956,0.438980,72264,280
49,500,0.715950,0.517705,0.406373,74252,256
64,500,0.907611,0.703686,0.512431,74820,680
25,1000,1.943819,1.728594,1.058026,76880,186
36,1000,2.330653,2.075007,1.353604,77908,185
49,1000,2.808100,2.435726,1.700134,79616,326
64,1000,2.607044,2.347789,1.472873,83388,671
25,2000,7.641622,7.334969,3.710587,101464,257
36,2000,8.258943,7.171479,4.440470,101416,182
49,2000,10.371348,9.829166,6.017216,102488,394
64,2000,10.183024,9.532328,5.424083,103268,493
25,500,0.602416,0.486606,0.336626,71948,195
36,500,0.636109,0.523163,0.360833,72572,235
49,500,0.895050,0.710334,0.529554,73540,432
64,500,0.920308,0.721419,0.537989,75840,533
25,1000,1.920805,1.730914,1.057146,76376,147
36,1000,2.075633,1.715768,1.177603,78064,231
49,1000,2.789899,2.445420,1.659986,78640,316
64,1000,2.616565,2.356934,1.479614,84024,540
25,2000,7.651730,7.302075,3.698545,101920,145
36,2000,8.096566,7.019388,4.355461,102412,204
49,2000,10.320599,9.786730,5.971996,102384,208
64,2000,10.047062,9.425280,5.384571,103076,566
25,500,0.624816,0.514514,0.359340,73492,138
36,500,0.625482,0.505974,0.363323,73536,144
49,500,0.885794,0.715215,0.522595,73996,317
64,500,0.911668,0.735347,0.507925,76368,647
25,1000,1.885792,1.692796,1.042686,76972,150
36,1000,2.031561,1.695652,1.165821,78084,224
49,1000,2.797929,2.446365,1.660349,78856,354
64,1000,2.574210,2.321853,1.444341,83044,523
25,2000,7.752318,7.418935,3.772728,102052,178
36,2000,10.698511,10.304643,6.008963,102232,224
49,2000,10.238770,9.701441,5.915988,101876,289
64,2000,10.065471,9.414998,5.359535,103648,517
25,500,0.606555,0.506037,0.332142,72776,82
36,500,0.630415,0.509707,0.359364,72760,339
49,500,0.882655,0.711137,0.513864,73228,505
64,500,0.904919,0.700181,0.510676,75348,512
25,1000,1.918487,1.754203,1.079550,77564,136
36,1000,2.083279,1.730983,1.212534,77876,210
49,1000,2.846625,2.494089,1.737596,78676,355
64,1000,2.563539,2.331820,1.437879,83384,453
25,2000,7.698074,7.389897,3.732032,101532,160
36,2000,8.276556,7.161710,4.539690,101788,172
49,2000,7.813142,6.762844,4.352182,101968,819
64,2000,10.029007,9.373142,5.324800,103372,532
25,500,0.586375,0.472262,0.323340,73120,117
36,500,0.628570,0.503221,0.345751,73280,148
49,500,0.728085,0.546887,0.429260,73544,264
64,500,0.928961,0.720095,0.547289,75856,466
25,1000,1.940277,1.757034,1.076967,77316,139
36,1000,2.083813,1.744964,1.207603,78108,290
49,1000,2.494221,2.131122,1.465287,78008,247
64,1000,2.778995,2.531649,1.573431,82872,696
25,2000,7.599441,7.278218,3.673014,101696,184
36,2000,8.234023,7.175806,4.420754,101720,181
49,2000,7.813268,6.803021,4.325968,101620,422
64,2000,10.048146,9.366458,5.328581,103268,608
25,500,0.610829,0.477163,0.347928,72972,115
36,500,0.628175,0.507829,0.359790,72720,245
49,500,0.882855,0.706776,0.528824,73452,318
64,500,0.917261,0.705603,0.537229,74828,520
25,1000,1.927542,1.730153,1.054681,77112,236
36,1000,2.133465,1.851062,1.240039,78636,177
49,1000,2.166356,1.707661,1.266369,78896,321
64,1000,2.555074,2.308642,1.471929,82220,561
25,2000,8.874864,8.551944,4.516946,100572,188
36,2000,10.612723,10.194249,5.999628,101452,154
49,2000,10.177837,9.681584,5.841913,102744,516
64,2000,10.054493,9.418394,5.407068,103096,706
25,500,0.663081,0.540590,0.370098,72424,138
36,500,0.603938,0.484804,0.340418,73536,327
49,500,0.886884,0.691566,0.541535,73280,358
64,500,0.926987,0.695423,0.522815,75680,535
25,1000,1.953202,1.726639,1.064078,77812,168
36,1000,2.069117,1.733017,1.187030,78612,230
49,1000,3.307060,2.947653,2.004993,78420,392
64,1000,2.572376,2.307448,1.459111,83304,542
25,2000,7.627283,7.272363,3.707178,102628,137
36,2000,8.149326,7.100514,4.372727,101976,160
49,2000,10.351588,9.793901,5.942274,101628,363
64,2000,10.261553,9.630502,5.420833,104028,663
25,500,0.608836,0.490498,0.350066,72772,135
36,500,0.644778,0.494249,0.382661,71748,173
49,500,0.896178,0.709616,0.537755,73224,421
64,500,0.918529,0.721569,0.513473,75348,581
25,1000,1.911632,1.721212,1.042478,77320,232
36,1000,2.042646,1.706702,1.180914,78616,167
49,1000,2.802973,2.430062,1.691217,78700,260
64,1000,2.568674,2.309913,1.455449,80584,545
25,2000,7.791286,7.415302,3.790171,101464,143
36,2000,8.156439,7.149773,4.360568,101980,239
49,2000,10.174218,9.652671,5.827194,102740,303
64,2000,10.135337,9.471284,5.478659,103236,643
25,500,0.601508,0.496333,0.341896,72380,232
36,500,0.697113,0.562359,0.414900,71988,219
49,500,0.891659,0.692518,0.547566,73480,495
64,500,0.932453,0.735841,0.517088,75176,537
25,1000,1.898235,1.673660,1.016732,78164,214
36,1000,2.440160,2.084116,1.440085,78132,289
49,1000,2.136500,1.742848,1.256310,78924,244
64,1000,2.602776,2.363681,1.478757,83476,601
25,2000,7.714614,7.349077,3.783528,101880,113
36,2000,8.216830,7.115449,4.416761,102648,211
49,2000,10.202298,9.660549,5.912844,101976,453
64,2000,10.020342,9.343399,5.354250,104292,564
25,500,0.665597,0.554990,0.394232,72928,130
36,500,0.798412,0.655878,0.480382,73144,253
49,500,0.783783,0.593357,0.476141,74132,325
64,500,0.920001,0.720703,0.521568,75168,485
25,1000,1.901080,1.699716,1.067547,77156,105
36,1000,2.041040,1.674547,1.166915,78112,334
49,1000,2.781270,2.406252,1.693409,79444,500
64,1000,2.573766,2.336671,1.466473,79996,513
25,2000,7.552134,7.222811,3.653102,101404,192
36,2000,8.234169,7.170463,4.441848,101916,196
49,2000,10.376629,9.865968,5.964844,101616,487
64,2000,10.106925,9.462581,5.354898,102916,1227
25,500,0.605942,0.488541,0.345731,72812,147
36,500,0.631470,0.512960,0.366331,71908,416
49,500,0.895549,0.718857,0.541824,73532,380
64,500,0.902271,0.699035,0.520916,75184,619
25,1000,1.923701,1.723971,1.061728,76120,94
36,1000,2.415508,2.099941,1.411216,77600,218
49,1000,2.794901,2.444116,1.635606,79032,439
64,1000,2.579521,2.317333,1.442048,80012,578
25,2000,7.672175,7.316621,3.712419,101464,162
36,2000,10.665612,10.266834,5.943666,101468,279
49,2000,7.748723,6.730800,4.335174,102392,564
64,2000,10.111747,9.429558,5.393458,102840,684
25,500,0.615850,0.498838,0.338337,72516,116
36,500,0.725981,0.601466,0.440870,73424,197
49,500,0.886061,0.699908,0.527908,73796,267
64,500,0.905458,0.705746,0.514409,76192,548
25,1000,1.916154,1.709540,1.039470,77032,106
36,1000,2.067591,1.746452,1.184889,78920,218
49,1000,2.785438,2.435486,1.649982,78848,267
64,1000,2.646801,2.393383,1.506254,83540,575
25,2000,7.570066,7.249235,3.605164,102196,186
36,2000,8.226812,7.163122,4.437786,102648,192
49,2000,10.303474,9.777209,5.901595,102500,466
64,2000,10.083972,9.429493,5.372203,103084,486
25,500,0.612977,0.522588,0.331654,71836,137
36,500,0.612211,0.473171,0.350897,73444,200
49,500,0.728231,0.512031,0.412679,73028,205
64,500,0.920799,0.711530,0.521002,75596,739
25,1000,1.904781,1.699581,1.043861,77516,85
36,1000,2.363408,2.114607,1.400549,78680,174
49,1000,2.804205,2.448949,1.720474,79068,210
64,1000,2.558752,2.310751,1.431851,82056,556
25,2000,7.661394,7.316559,3.730634,101376,110
36,2000,8.070200,6.983952,4.296785,101880,250
49,2000,10.282802,9.712079,5.903869,102744,459
64,2000,10.160555,9.485455,5.358932,103476,522
25,500,0.652682,0.534642,0.363663,73528,133
36,500,0.664628,0.529188,0.369692,72664,233
49,500,0.887439,0.690169,0.501074,73744,237
64,500,0.918063,0.725844,0.514926,75684,493
25,1000,1.914322,1.738665,1.042285,77344,193
36,1000,2.704960,2.472432,1.602733,78836,186
49,1000,2.791993,2.441979,1.680527,79864,239
64,1000,2.662657,2.417804,1.506210,83284,558
25,2000,7.651494,7.335890,3.714265,101416,106
36,2000,8.146078,7.013256,4.347253,100436,174
49,2000,7.818958,6.788204,4.399370,101112,418
64,2000,10.180337,9.530955,5.456311,103588,491
25,500,0.609765,0.497087,0.341864,72516,118
36,500,0.631434,0.503193,0.361929,72700,203
49,500,0.892204,0.705769,0.514696,73956,264
64,500,0.914510,0.694593,0.511281,75356,786
25,1000,1.903700,1.714551,1.045629,78168,232
36,1000,2.067588,1.727078,1.210636,77560,207
49,1000,2.419630,2.046899,1.428088,79608,386
64,1000,2.564488,2.316461,1.465565,83040,571
25,2000,7.694757,7.366310,3.744470,101460,177
36,2000,8.216729,7.144404,4.436165,102176,341
49,2000,10.319134,9.795628,5.914120,102480,256
64,2000,10.072873,9.421156,5.403295,103264,521
25,500,0.579499,0.477612,0.326966,72452,198
36,500,0.632213,0.519365,0.363181,73576,134
49,500,0.892493,0.704849,0.528025,72092,492
64,500,0.925526,0.729530,0.533937,75380,721
25,1000,1.973755,1.742444,1.057899,78036,127
36,1000,2.723769,2.453369,1.610218,77396,248
49,1000,2.769684,2.410904,1.656565,79352,262
64,1000,2.563773,2.328330,1.439418,82828,560
25,2000,8.589122,8.189971,4.284421,102036,124
36,2000,8.153022,7.052873,4.435248,101260,234
49,2000,10.340057,9.759863,5.930262,102236,260
64,2000,10.087925,9.427455,5.377581,103844,623
25,500,0.610991,0.500348,0.347042,73032,67
36,500,0.622569,0.497541,0.361106,72796,193
49,500,0.718505,0.508916,0.417474,73400,351
64,500,0.933291,0.721824,0.519384,74800,689
25,1000,1.944504,1.701984,1.077679,77916,213
36,1000,2.024890,1.715806,1.159651,77404,311
49,1000,2.817807,2.450629,1.683465,78628,348
64,1000,2.595944,2.338175,1.460883,83692,653
25,2000,7.704055,7.377084,3.747377,102408,202
36,2000,8.223914,7.113014,4.409422,101720,155
49,2000,7.831620,6.786328,4.305083,101652,431
64,2000,9.972328,9.295637,5.306195,103860,692
25,500,0.617155,0.513116,0.341668,72284,104
36,500,0.793498,0.689074,0.476397,72796,197
49,500,0.889001,0.706126,0.539708,73064,248
64,500,0.921214,0.724293,0.513058,74600,484
25,1000,1.927747,1.745344,1.058265,77608,152
36,1000,2.141095,1.814980,1.253503,78640,267
49,1000,2.198028,1.772591,1.286202,77616,302
64,1000,2.564916,2.309287,1.481516,83384,506
25,2000,7.563092,7.214505,3.657285,102424,191
36,2000,8.139326,7.021747,4.366864,102136,206
49,2000,10.450296,9.894723,6.027586,102444,422
64,2000,10.006258,9.329434,5.348019,103224,607
25,500,0.650460,0.541939,0.358749,72484,151
36,500,0.618370,0.489985,0.347811,73196,159
49,500,0.728605,0.522559,0.416005,74248,261
64,500,0.933449,0.721201,0.527581,75456,475
25,1000,1.893975,1.708797,1.058170,77372,106
36,1000,2.689886,2.439043,1.590341,77804,176
49,1000,2.150063,1.718503,1.264267,79196,232
64,1000,2.583272,2.326977,1.463673,83040,459
25,2000,7.533336,7.189944,3.616279,102108,102
36,2000,8.091172,6.995406,4.367286,101972,271
49,2000,10.223469,9.724488,5.906444,101384,291
64,2000,9.934449,9.292199,5.273781,103264,547
1,500,1.288920,1.268367,0.017898,70344,10
4,500,0.669486,0.639198,0.155398,67788,16
9,500,0.616988,0.563825,0.178873,67152,109
16,500,0.532617,0.494662,0.167834,68720,112
25,500,0.593952,0.525058,0.204394,68484,181
36,500,0.701940,0.588954,0.261172,69492,535
49,500,1.301952,1.147967,0.476307,68740,362
64,500,1.353920,1.148084,0.500572,71644,520
1,1000,8.953115,8.888518,0.053724,85136,25
4,1000,3.388004,3.259937,0.589915,76748,22
9,1000,2.226072,2.150657,0.578944,74328,32
16,1000,1.960282,1.874076,0.605243,75628,247
25,1000,1.912047,1.785556,0.613446,74220,246
36,1000,2.193168,1.897332,0.755100,74984,220
49,1000,2.379896,2.006460,0.854071,75216,317
64,1000,3.757258,3.513018,1.457305,80604,507
1,2000,90.519598,90.091726,0.377664,143856,276
4,2000,20.248706,20.006780,2.098562,108132,69
9,2000,12.543719,12.242671,2.240752,102448,74
16,2000,9.733758,9.288275,2.324496,99848,167
25,2000,7.810770,7.532420,2.170545,98924,313
36,2000,10.866832,10.543723,3.565176,98852,244
49,2000,14.470694,13.943309,5.006377,98440,336
64,2000,14.204543,13.587238,5.138414,99532,505
1,500,1.250013,1.229978,0.019926,70360,8
4,500,0.683124,0.633502,0.159915,67624,37
9,500,0.583802,0.539413,0.175042,67656,27
16,500,0.524351,0.491747,0.164815,68844,58
25,500,0.574573,0.515909,0.189952,68068,176
36,500,0.665232,0.573636,0.229336,68984,221
49,500,0.841693,0.679592,0.289142,69928,375
64,500,1.344927,1.135745,0.512108,71424,737
1,1000,8.561762,8.497505,0.053809,85180,34
4,1000,3.219557,3.132724,0.519847,75984,31
9,1000,2.184548,2.094362,0.520094,74740,52
16,1000,1.943348,1.857078,0.573160,74708,43
25,1000,1.874670,1.734258,0.608219,74100,211
36,1000,2.096279,1.836329,0.717871,75252,209
49,1000,3.955098,3.663750,1.405860,75144,479
64,1000,3.647264,3.410506,1.341855,79940,800
1,2000,84.285531,83.946580,0.289666,144000,208
4,2000,23.810928,22.116228,3.428371,108388,111
9,2000,12.111339,11.863430,2.059954,101240,109
16,2000,8.954800,8.692884,2.085279,99944,60
25,2000,7.659170,7.392441,2.156969,98372,241
36,2000,8.481436,7.562036,2.653348,99688,363
49,2000,14.562641,14.069654,5.188480,99204,564
64,2000,14.334438,13.680529,5.112059,99660,608
1,500,1.246151,1.231086,0.014876,70200,11
4,500,0.656190,0.617226,0.141431,68020,28
9,500,0.583762,0.531495,0.172343,67856,89
16,500,0.525781,0.487885,0.162660,68284,111
25,500,0.579955,0.512644,0.189140,68484,136
36,500,0.663676,0.578296,0.219386,69176,307
49,500,0.846095,0.658662,0.301792,70204,335
64,500,1.329943,1.140135,0.511637,71980,480
1,1000,8.556325,8.503632,0.043695,85600,30
4,1000,3.384238,3.246700,0.598769,76376,28
9,1000,2.180882,2.100283,0.556321,75064,44
16,1000,1.922139,1.804334,0.571039,74868,230
25,1000,1.868468,1.723617,0.609723,75136,309
36,1000,2.110537,1.852457,0.712948,75304,319
49,1000,2.950409,2.652191,1.041860,74728,339
64,1000,3.700010,3.463582,1.392269,80384,467
1,2000,84.158997,83.757581,0.340632,144356,198
4,2000,19.847274,19.624797,2.076092,108500,77
9,2000,12.089288,11.849720,2.036723,101968,61
16,2000,8.998052,8.756705,2.097822,100192,83
25,2000,8.102557,7.641735,2.311823,99432,270
36,2000,8.454705,7.536569,2.679881,99344,418
49,2000,14.475947,13.964130,5.002090,99464,406
64,2000,14.365072,13.684210,5.199691,100432,516
1,500,1.267623,1.253605,0.013922,70480,8
4,500,0.655553,0.618648,0.151566,68092,32
9,500,0.581940,0.530890,0.164437,68216,28
16,500,0.516142,0.477273,0.159769,68932,101
25,500,0.579569,0.512788,0.200221,68588,239
36,500,0.668499,0.564764,0.231430,70532,761
49,500,0.827426,0.667060,0.284725,70764,341
64,500,1.305129,1.113935,0.486193,71348,532
1,1000,8.564571,8.503970,0.051756,85112,28
4,1000,3.219895,3.120223,0.544223,76496,61
9,1000,2.363367,2.210463,0.624158,74876,47
16,1000,1.913412,1.811356,0.575707,74908,118
25,1000,1.873905,1.739249,0.611570,75392,175
36,1000,2.119877,1.848053,0.724856,75620,290
49,1000,3.982175,3.652389,1.418820,74564,192
64,1000,3.693685,3.439758,1.384999,79728,540
1,2000,83.939808,83.579066,0.301630,144348,282
4,2000,19.943789,19.649853,2.171352,108152,69
9,2000,12.031197,11.780109,2.060518,102260,67
16,2000,9.571037,9.102527,2.256863,100416,352
25,2000,7.624636,7.346811,2.088831,99508,304
36,2000,14.860050,14.489803,5.033762,97952,223
49,2000,8.031532,7.110265,2.607470,98852,499
64,2000,14.269685,13.655445,5.169175,98936,586
1,500,1.262420,1.251421,0.010887,70288,9
4,500,0.698225,0.643332,0.180108,67792,17
9,500,0.599242,0.557736,0.176633,67700,49
16,500,0.516901,0.471567,0.160215,68416,78
25,500,0.577564,0.521498,0.189740,69240,420
36,500,0.654833,0.551385,0.234194,69416,252
49,500,0.834265,0.657375,0.287661,70884,204
64,500,1.361273,1.169331,0.500474,72568,473
1,1000,8.565700,8.507133,0.047773,85208,22
4,1000,3.556548,3.362014,0.662367,76284,35
9,1000,2.381779,2.219425,0.618429,75064,45
16,1000,2.020391,1.869441,0.617002,75208,163
25,1000,1.880703,1.746971,0.614061,75396,331
36,1000,2.101572,1.824036,0.700205,74872,342
49,1000,2.943106,2.620683,1.058103,75640,387
64,1000,3.730321,3.483584,1.398792,79984,510
1,2000,85.369883,84.994239,0.324506,143784,217
4,2000,20.297850,19.867131,2.218860,108012,108
9,2000,12.085490,11.816100,2.077699,101928,44
16,2000,8.937117,8.665733,2.049362,100500,152
25,2000,7.616190,7.378955,2.119592,98932,294
36,2000,8.377599,7.559732,2.636040,98824,244
49,2000,14.442442,13.934512,4.990593,98276,504
64,2000,14.441678,13.802448,5.234210,99572,552
1,500,1.313620,1.298566,0.014937,70108,9
4,500,0.669690,0.631685,0.150500,67420,33
9,500,0.597256,0.555870,0.173840,68756,24
16,500,0.533618,0.489530,0.179820,68760,86
25,500,0.606196,0.525638,0.198796,69240,276
36,500,0.704935,0.604527,0.246610,69400,274
49,500,1.302461,1.119684,0.466559,70276,503
64,500,1.350620,1.173856,0.489128,72908,503
1,1000,9.010880,8.948129,0.051791,85432,33
4,1000,3.273965,3.206411,0.567284,76700,39
9,1000,2.303909,2.178702,0.575471,74552,49
16,1000,1.956001,1.856157,0.588871,75328,43
25,1000,1.926294,1.794928,0.637286,74400,314
36,1000,2.171573,1.908074,0.750461,74372,317
49,1000,4.105706,3.768283,1.476269,75128,305
64,1000,3.824460,3.557823,1.447598,79612,516
1,2000,93.558280,93.155286,0.349593,144012,171
4,2000,20.745471,20.507051,2.143543,108656,69
9,2000,12.506037,12.184333,2.211354,102388,78
16,2000,9.134890,8.905238,2.087044,100384,220
25,2000,7.837503,7.617188,2.149602,100216,247
36,2000,8.652640,7.771262,2.777725,99956,616
49,2000,14.872103,14.367201,5.155754,99416,785
64,2000,14.732142,14.048034,5.323556,99864,554
